INSERT INTO PUBLIC.ROUTE(ID, NAME, NAME_ARABIC, ROUTE_CODE, ROUTE_COLOR) VALUES 
(1,'Route A','المسار -أ','A','Red'),
(2,'Route B','المسار -ب','B','Purple'),
(3,'Route D','المسار -د','D','Yellow'),
(4,'Route E','المسار -ي','E','Blue'),
(5,'Route C','المسار -س','C','Cyan'),
(6,'Route F','المسار -و','F','Green'),
(7,'Route G','المسار -ج','G','Orange');

INSERT INTO PUBLIC.STATION(ID, NAME, NAME_ARABIC, STATION_CODE, STATION_TYPE, ROUTE_POINT_ID) VALUES
(1,'King Fahad Stadium Station','محطة استاد الملك فهد','A01','underground',1),(2,'Ishbiliah Station','محطة إشبيلية','A02','oboveground',2),
(3,'Khalid Bin Waled Station','محطة خالد بن الوليد','AB01','oboveground',3),(4,'Al Mursalat Station','محطة المرسلات','A03','oboveground',4),
(6,'King Saud University Station','محطة جامعة الملك سعود','A05','oboveground',6),
(7,'King Fahad District Station','محطة حي الملك فهد','A04','oboveground',7),(8,'Al Naseem Station','محطة حي النسيم','B01','underground',8),
(9,'Khurais Station','محطة خريص','BE01','underground',9),(10,'Al Salam District Station','محطة حي السلام','B02','underground',10),
(11,'Ghurnatah Mall Station','محطة غرناطة مول','B03','underground',11),(12,'King Khaled Airport Station','محطة مطار الملك خالد','B04','underground',12),
(13,'Dammam Raod Station','محطة طريق الدمام','BD01','oboveground',13),(14,'Princess Norah University Station','محطة جامعة نورة','B05','underground',14),
(15,'Astronuts Medan Station','محطة ميدان رائد الفضاء','D01','underground',15),(16,'Al Nafel Station','محطة حي النفل','D02','underground',16),
(17,'Olia Station ','محطة العليا','AC01','aboveground',17),(18,'King Abdulaziz Medan Station','محطة ميدان الملك عبدالعزيز','DC01','aboveground',18),
(19,'Al Hokom Palace Station','محطة قصر الحكم','EC01','aboveground',19),(20,'Al Moraba Station','محطة حي المربع','C01','underground',20),
(21,'Kingdom Station','محطة المملكة','C02','underground',21),(22,'Old Market Station','محطة السوق الشعبي','C03','underground',22),
(23,'Riyadh Galary Station','محطة الرياض قاليري مول','C04','underground',23),(24,'Kingdom Hospital Station','محطة مستشفى المملكة','C05','underground',24),
(25,'Jaber Road Station','محطة طريق جابر','E01','aboveground',132),(26,'Al Suliman Station','محطة السليمانية','F01','underground',133),
(27,'Technology Collage Station','محطة الكلية التقنية','F02','underground',134),
(28,'Al Naseem Al Sharqi Station','محطة النسيم الشرقي','G01','underground',142),(29,'Naseem Industry Station','محطة النسيم الصناعية','G02','aboveground',143),
(30,'Al Fayha Station','محطة حي الفيحاء','G03','underground',144),(31,'Al Malazz Zoo Station','محطة حديقة الحيونات','G04','aboveground',145),
(32,'Al Urigaa Station','محطة حي عريجاء','G05','aboveground',150),(33,'Laban Station','محطة حي لبن','G06','aboveground',155),
(34,'Al Shifa Station','محطة الشفا','C10','aboveground',156),(35,'South Ring Station','محطة الدائري الجنوبي','C11','aboveground',157),
(36,'Al Dirah Station','محطة الديرة','C12','aboveground',158);

INSERT INTO PUBLIC.ROUTE_POINT(ID, LAT, LNG, STATION_ID) VALUES 
(1,24.796283,46.829357,1),(2,24.781133,46.792988,2),(3,24.768382,46.761589,3),(4,24.74536,46.705784,4),(6,24.715737,46.625328,6),
(7,24.734446,46.679777,7),(8,24.695621,46.815778,8),(9,24.730953,46.787069,9),(10,24.750655,46.77224,10),(11,24.781823,46.749448,11),
(12,24.902669,46.70677,12),(13,24.804758,46.749174,13),(14,24.831427,46.730226,14),(15,24.793042,46.722537,15),(16,24.773845,46.676404,16),
(17,24.727715,46.663772,17),(18,24.761378,46.647296,18),(19,24.678814,46.688761,19),(20,24.651363,46.701942,20),(21,24.689543,46.682994,21),
(22,24.714575,46.670836,22),(23,24.744919,46.65526,23),(24,24.794288,46.630545,24),(25,24.799772,46.825994,NULL),(26,24.798838,46.82057,NULL),
(27,24.793291,46.811989,NULL),(28,24.785812,46.799975,NULL),(29,24.779455,46.788854,NULL),(30,24.777896,46.780959,NULL),
(31,24.775652,46.774918,NULL),(32,24.771352,46.767915,NULL),(33,24.766365,46.755009,NULL),(34,24.753772,46.725146,NULL),
(35,24.726338,46.660271,NULL),(36,24.718942,46.642855,NULL),(37,24.713796,46.632813,NULL),(38,24.716914,46.629208,NULL),
(39,24.718474,46.625603,NULL),(68,24.794098,46.746423,NULL),(69,24.798773,46.75226,NULL),(70,24.828051,46.737913,NULL),
(100,24.840275,46.728943,NULL),(101,24.848765,46.732205,NULL),(102,24.862939,46.732119,NULL),(103,24.876508,46.725996,NULL),
(104,24.800302,46.740288,NULL),(105,24.782857,46.698988,NULL),(106,24.714653,46.761817,NULL),(107,24.695316,46.731518,NULL),
(108,24.687581,46.710705,NULL),(109,24.664885,46.699976,NULL),(110,24.670579,46.692702,NULL),(111,24.674147,46.690792,NULL),
(132,24.766044,46.841867,25),(133,24.703664,46.704872,26),(134,24.735664,46.71234,27),(135,24.685143,46.690796,NULL),
(136,24.690678,46.694444,NULL),(137,24.694382,46.702297,NULL),(138,24.700932,46.705001,NULL),(139,24.713836,46.7041,NULL),
(140,24.722139,46.708563,NULL),(141,24.732624,46.707705,NULL),(142,24.729473,46.866826,28),(143,24.711969,46.846055,29),
(144,24.679895,46.777603,30),(145,24.663987,46.738922,31),(146,24.64283,46.672785,NULL),(147,24.641094,46.669099,NULL),
(148,24.639611,46.667082,NULL),(149,24.637075,46.664807,NULL),(150,24.627226,46.659093,32),(151,24.617745,46.651626,NULL),
(152,24.617783,46.64639,NULL),(153,24.617002,46.639524,NULL),(154,24.622698,46.6206,NULL),(155,24.636351,46.601717,33),
(156,24.552007,46.708587,34),(157,24.586196,46.70524,35),(158,24.630146,46.712923,36);

INSERT INTO PUBLIC.ROUTE_POINT_PATH(ID, POINT_INDEX, ROUTE_ID, ROUTE_POINT_ID) VALUES
(15,0,1,1),(16,1,1,25),(17,2,1,26),(18,3,1,27),(19,4,1,28),(20,5,1,2),(21,6,1,29),(22,7,1,30),(23,8,1,31),(24,9,1,32),(25,10,1,3),
(26,11,1,33),(27,12,1,34),(28,13,1,4),(29,14,1,7),(30,15,1,17),(31,16,1,35),(32,17,1,36),(33,18,1,37),(34,19,1,38),(35,20,1,39),
(36,21,1,6),(64,0,2,8),(65,1,2,9),(66,2,2,10),(67,3,2,3),(68,4,2,11),(69,5,2,68),(70,6,2,69),(71,7,2,13),(72,8,2,70),(96,9,2,14),
(97,10,2,100),(98,11,2,101),(99,12,2,102),(100,13,2,103),(101,14,2,12),(102,0,3,13),(103,1,3,104),(104,2,3,15),(105,3,3,105),
(106,4,3,16),(107,5,3,18),(108,2,4,9),(109,3,4,106),(110,4,4,107),(111,5,4,108),(112,6,4,19),(113,4,5,20),(114,5,5,109),(115,6,5,110),
(116,7,5,19),(128,8,5,21),(129,9,5,22),(130,10,5,17),(131,11,5,23),(132,12,5,18),(133,13,5,24),(134,0,4,1),(135,1,4,132),(136,0,6,19),
(137,1,6,135),(138,2,6,136),(139,3,6,137),(140,4,6,138),(141,5,6,133),(142,6,6,139),(143,7,6,140),(144,8,6,141),(145,9,6,134),
(146,10,6,4),(148,0,7,142),(149,1,7,143),(150,2,7,8),(151,3,7,144),(152,4,7,145),(153,5,7,20),(154,6,7,146),(155,7,7,147),(156,8,7,148),
(157,9,7,149),(158,10,7,150),(159,11,7,151),(160,12,7,152),(161,13,7,153),(162,14,7,154),(163,15,7,155),(164,1,5,156),(165,2,5,157),(166,3,5,158);

INSERT INTO PUBLIC.ROUTE_POINT_ROUTES(ROUTE_POINTS_ID, ROUTES_ID) VALUES
(1,1),(2,1),(3,1),(3,2),(4,1),(6,1),(7,1),(8,2),(9,2),(9,4),(10,2),(11,2),(12,2),(13,2),(13,3),(14,2),(15,3),(16,3),(17,1),
(17,5),(18,3),(18,5),(19,4),(19,5),(20,5),(21,5),(22,5),(23,5),(24,5),(25,1),(26,1),(27,1),(28,1),(29,1),(30,1),(31,1),(32,1),
(33,1),(34,1),(35,1),(36,1),(37,1),(38,1),(39,1),(68,2),(69,2),(70,2),(100,2),(101,2),(102,2),(103,2),(104,3),(105,3),(106,4),
(107,4),(108,4),(109,4),(110,5),(111,5),(132,4),(1,4),(19,6),(4,6),(133,6),(134,6),(135,6),(136,6),(137,6),(138,6),(139,6),(140,6),
(141,6),(142,7),(143,7),(8,7),(144,7),(145,7),(20,7),(146,7),(147,7),(148,7),(149,7),(150,7),(151,7),(152,7),(153,7),(154,7),
(155,7),(156,5),(157,5),(158,5);

INSERT INTO PUBLIC.USERS(USERNAME, FULL_NAME, GENDER, PASSWORD, ROLE) VALUES 
('admin', 'Admin Account', NULL, '$2a$10$CJPIK9NxdSYr2rxPMLYiTuEum5BmbdQfrgr7nsknuiMl7RWcXK/8m', 'ROLE_ADMIN');

INSERT INTO PUBLIC.TRAIN (TRAIN_ID, TRAIN_MODEL, ROUTE_ID) VALUES 
(1,'TMA01',1),(2,'TMA02',1),(3,'TMB01',2),(4,'TMA03',1),(5,'TME01',4),(6,'TMB02',2),(7,'TME02',4),(8,'TMD01',3),(9,'TMD02',3),
(10,'TMD03',3),(11,'TMD04',3),(12,'TME03',4),(13,'TME04',4),(14,'TMC01',5),(15,'TMC02',5),(16,'TMC03',5),(17,'TMC04',5),
(18,'TMC05',5),(19,'TMC06',5),(20,'TMC07',5),(21,'TMC08',5),(22,'TMC09',5),(23,'TMC10',5),(24,'TMC11',5),(25,'TMF01',6),
(26,'TMF02',6),(27,'TMF03',6),(28,'TMF04',6),(29,'TMA02',1),(30,'TMA03',1),(31,'TMA04',1),(32,'TMG01',7),(33,'TMG02',7),
(34,'TMGB01',7),(35,'TMG03',7),(36,'TMG04',7),(37,'TMGC10',7),(38,'TMG05',7),(39,'TMG06',7);

INSERT INTO PUBLIC.TRAIN_TIME(TIME_ID, FORWARD, HOUR, MINUTE, TIME_TYPE, TRIP_MINUTES, STATION_ID, TRAIN_TRAIN_ID) VALUES
(1,TRUE,5,35,'DEPT',12,1,1),(2,TRUE,5,50,'DEPT',10,2,1),(3,TRUE,6,5,'DEPT',15,3,1),(4,TRUE,6,35,'DEPT',12,4,1),(5,TRUE,6,50,'DEPT',12,7,1),
(6,TRUE,7,10,'DEPT',14,17,1),(7,FALSE,7,35,'DEPT',15,6,1),(8,TRUE,6,0,'DEPT',12,1,2),(9,TRUE,6,17,'DEPT',10,2,2),(10,TRUE,6,35,'DEPT',15,3,2),
(11,TRUE,6,55,'DEPT',12,4,2),(12,TRUE,7,10,'DEPT',15,7,2),(13,TRUE,7,30,'DEPT',18,17,2),(14,FALSE,7,55,'DEPT',18,6,2),(15,FALSE,8,0,'DEPT',15,17,1),
(16,FALSE,8,20,'DEPT',12,7,1),(17,FALSE,8,38,'DEPT',10,4,1),(18,FALSE,8,50,'DEPT',15,3,1),(19,FALSE,9,10,'DEPT',12,2,1),(20,TRUE,9,30,'DEPT',12,1,1),
(21,TRUE,6,10,'DEPT',14,3,3),(22,TRUE,6,28,'DEPT',12,11,3),(23,TRUE,6,45,'DEPT',10,13,3),(24,TRUE,7,0,'DEPT',15,14,3),(25,FALSE,7,20,'DEPT',15,12,3),
(27,FALSE,7,40,'DEPT',10,14,3),(28,FALSE,7,55,'DEPT',12,13,3),(29,FALSE,8,10,'DEPT',13,11,3),(30,FALSE,8,30,'DEPT',14,3,3),(31,FALSE,8,50,'DEPT',10,10,3),
(32,FALSE,9,5,'DEPT',16,9,3),(33,TRUE,9,25,'DEPT',13,8,3),(34,TRUE,9,40,'DEPT',15,9,3),(35,TRUE,10,0,'DEPT',10,10,3),(36,TRUE,10,25,'DEPT',10,3,3),
(37,TRUE,6,30,'DEPT',13,1,4),(38,TRUE,6,45,'DEPT',15,2,4),(39,FALSE,5,10,'DEPT',18,25,5),(40,TRUE,5,55,'DEPT',10,10,3),(41,TRUE,5,40,'DEPT',10,9,3),
(42,TRUE,5,25,'DEPT',10,8,3),(43,TRUE,10,40,'DEPT',15,11,3),(44,TRUE,11,0,'DEPT',13,13,3),(45,TRUE,11,25,'DEPT',20,14,3),(46,FALSE,5,30,'DEPT',20,12,6),
(47,FALSE,5,55,'DEPT',15,14,6),(48,FALSE,6,15,'DEPT',12,13,6),(49,FALSE,6,35,'DEPT',10,11,6),(50,FALSE,6,35,'DEPT',14,3,6),(51,FALSE,6,55,'DEPT',10,10,6),
(52,FALSE,7,10,'DEPT',13,9,6),(53,TRUE,7,30,'DEPT',14,8,6),(54,TRUE,7,50,'DEPT',10,9,6),(55,TRUE,8,0,'DEPT',10,10,6),(56,TRUE,8,15,'DEPT',10,3,6),
(57,TRUE,8,30,'DEPT',8,11,6),(58,TRUE,8,40,'DEPT',10,13,6),(59,TRUE,8,55,'DEPT',12,14,6),(60,TRUE,5,30,'DEPT',10,1,5),(61,TRUE,5,45,'DEPT',10,25,5),
(62,TRUE,6,0,'DEPT',25,9,5),(63,FALSE,6,30,'DEPT',25,19,5),(64,FALSE,7,0,'DEPT',10,9,5),(65,FALSE,7,15,'DEPT',10,25,5),(66,TRUE,5,45,'DEPT',10,1,7),
(67,TRUE,6,0,'DEPT',10,25,7),(68,TRUE,6,15,'DEPT',25,9,7),(69,TRUE,7,5,'DEPT',10,3,4),(70,TRUE,7,20,'DEPT',12,4,4),(71,TRUE,7,35,'DEPT',8,7,4),
(72,TRUE,7,45,'DEPT',6,17,4),(74,TRUE,5,30,'DEPT',10,13,8),(75,TRUE,5,30,'DEPT',10,15,9),(76,TRUE,5,30,'DEPT',10,16,10),(77,FALSE,5,30,'DEPT',10,18,11),
(78,TRUE,5,45,'DEPT',10,15,8),(79,TRUE,6,0,'DEPT',10,16,8),(80,FALSE,6,15,'DEPT',10,18,8),(81,FALSE,6,30,'DEPT',10,16,8),(82,FALSE,6,45,'DEPT',10,15,8),
(83,TRUE,7,0,'DEPT',10,13,8),(84,TRUE,5,45,'DEPT',10,16,9),(85,FALSE,6,0,'DEPT',10,18,9),(86,FALSE,6,15,'DEPT',10,16,9),(87,FALSE,6,30,'DEPT',10,15,9),
(88,TRUE,5,45,'DEPT',10,13,9),(89,TRUE,6,0,'DEPT',10,15,9),(90,FALSE,5,45,'DEPT',10,18,10),(91,FALSE,6,0,'DEPT',10,16,10),(92,FALSE,6,15,'DEPT',10,15,10),
(93,TRUE,6,30,'DEPT',10,13,10),(94,TRUE,6,45,'DEPT',10,15,10),(95,TRUE,7,0,'DEPT',10,16,10),(96,FALSE,5,45,'DEPT',10,16,11),(97,FALSE,6,0,'DEPT',10,15,11),
(98,TRUE,6,15,'DEPT',10,13,11),(99,TRUE,6,30,'DEPT',10,15,11),(100,TRUE,6,45,'DEPT',10,16,11),(101,FALSE,7,0,'DEPT',10,18,11),(102,FALSE,6,45,'DEPT',25,19,7),
(103,FALSE,7,15,'DEPT',15,9,7),(104,FALSE,7,35,'DEPT',13,25,7),(105,TRUE,7,50,'DEPT',13,1,7),(106,TRUE,7,30,'DEPT',10,1,5),(107,TRUE,5,35,'DEPT',25,9,12),
(108,FALSE,6,0,'DEPT',25,19,12),(109,FALSE,6,30,'DEPT',14,9,12),(110,FALSE,6,50,'DEPT',15,25,12),(111,TRUE,7,10,'DEPT',10,1,12),(112,TRUE,7,25,'DEPT',15,25,12),
(113,TRUE,7,45,'DEPT',25,9,12),(114,FALSE,5,30,'DEPT',25,19,13),(115,FALSE,6,0,'DEPT',15,9,13),(116,FALSE,6,20,'DEPT',10,25,13),(117,TRUE,6,35,'DEPT',10,1,13),
(118,TRUE,6,50,'DEPT',15,25,13),(119,TRUE,7,10,'DEPT',25,9,13),(120,FALSE,7,40,'DEPT',25,19,13),(121,TRUE,5,30,'DEPT',5,34,14),(122,TRUE,5,30,'DEPT',5,35,15),
(123,TRUE,5,30,'DEPT',5,36,16),(124,TRUE,5,30,'DEPT',10,20,17),(125,TRUE,5,30,'DEPT',5,19,18),(126,TRUE,5,30,'DEPT',10,21,19),(127,TRUE,5,30,'DEPT',10,22,20),
(128,TRUE,5,30,'DEPT',5,17,21),(129,TRUE,5,30,'DEPT',5,23,22),(130,TRUE,5,30,'DEPT',10,18,23),(131,FALSE,5,30,'DEPT',10,24,24),(132,TRUE,5,40,'DEPT',10,35,14),
(133,TRUE,5,55,'DEPT',5,36,14),(134,TRUE,6,5,'DEPT',5,20,14),(135,TRUE,6,15,'DEPT',5,19,14),(136,TRUE,6,25,'DEPT',5,21,14),(137,TRUE,6,35,'DEPT',5,22,14),
(138,TRUE,6,45,'DEPT',5,17,14),(139,TRUE,6,55,'DEPT',5,23,14),(140,TRUE,7,5,'DEPT',10,18,14),(141,FALSE,7,20,'DEPT',10,24,14),(142,FALSE,7,35,'DEPT',5,18,14),
(143,FALSE,7,45,'DEPT',5,23,14),(144,FALSE,7,55,'DEPT',5,17,14),(145,FALSE,8,5,'DEPT',5,22,14),(146,FALSE,8,15,'DEPT',5,21,14),(147,FALSE,8,25,'DEPT',5,19,14),
(148,FALSE,8,35,'DEPT',5,20,14),(149,FALSE,8,45,'DEPT',5,36,14),(150,TRUE,8,55,'DEPT',10,35,14),(151,TRUE,9,10,'DEPT',10,34,14),(152,TRUE,5,40,'DEPT',5,36,15),
(153,TRUE,5,50,'DEPT',5,20,15),(154,TRUE,6,0,'DEPT',5,19,15),(155,TRUE,6,10,'DEPT',10,21,15),(156,TRUE,6,25,'DEPT',5,22,15),(157,TRUE,6,35,'DEPT',5,17,15),
(158,TRUE,6,45,'DEPT',5,23,15),(159,TRUE,6,55,'DEPT',10,18,15),(161,FALSE,7,10,'DEPT',10,24,15),(162,FALSE,7,25,'DEPT',5,18,15),(163,FALSE,7,35,'DEPT',5,23,15),
(164,FALSE,7,45,'DEPT',5,17,15),(165,FALSE,7,55,'DEPT',10,22,15),(166,FALSE,8,10,'DEPT',5,21,15),(167,FALSE,8,20,'DEPT',10,19,15),(168,FALSE,8,35,'DEPT',5,20,15),
(169,FALSE,8,45,'DEPT',10,36,15),(170,FALSE,9,0,'DEPT',5,35,15),(171,TRUE,9,10,'DEPT',5,34,15),(172,TRUE,9,20,'DEPT',10,35,15),(173,TRUE,5,40,'DEPT',5,20,16),
(174,TRUE,5,55,'DEPT',5,19,16),(175,TRUE,6,5,'DEPT',10,21,16),(176,TRUE,6,20,'DEPT',5,22,16),(177,TRUE,6,30,'DEPT',5,17,16),(178,TRUE,6,40,'DEPT',5,23,16),
(179,TRUE,6,50,'DEPT',10,18,16),(180,FALSE,7,5,'DEPT',10,24,16),(181,FALSE,7,20,'DEPT',5,18,16),(182,FALSE,7,30,'DEPT',5,23,16),(183,FALSE,7,40,'DEPT',5,17,16),
(184,FALSE,7,50,'DEPT',10,22,16),(185,FALSE,8,5,'DEPT',5,21,16),(186,FALSE,8,15,'DEPT',5,19,16),(187,FALSE,8,25,'DEPT',5,20,16),(188,FALSE,8,35,'DEPT',10,36,16),
(189,FALSE,8,50,'DEPT',5,35,16),(190,TRUE,9,25,'DEPT',5,36,16),(191,TRUE,9,10,'DEPT',10,35,16),(192,TRUE,5,45,'DEPT',5,19,17),(193,TRUE,5,55,'DEPT',5,21,17),
(194,TRUE,6,15,'DEPT',5,22,17),(195,TRUE,6,25,'DEPT',5,17,17),(196,TRUE,6,35,'DEPT',5,23,17),(197,TRUE,6,45,'DEPT',10,18,17),(198,FALSE,7,0,'DEPT',10,24,17),
(199,FALSE,7,15,'DEPT',5,18,17),(200,FALSE,7,25,'DEPT',5,23,17),(201,FALSE,7,35,'DEPT',5,17,17),(202,FALSE,7,45,'DEPT',10,22,17),(203,FALSE,8,0,'DEPT',5,21,17),
(204,FALSE,8,10,'DEPT',5,19,17),(205,FALSE,8,20,'DEPT',5,20,17),(206,FALSE,8,30,'DEPT',10,36,17),(207,FALSE,8,45,'DEPT',5,35,17),(208,TRUE,8,55,'DEPT',5,34,17),
(209,TRUE,9,5,'DEPT',10,35,17),(210,TRUE,9,20,'DEPT',5,36,17),(211,TRUE,9,30,'DEPT',5,20,17),(213,TRUE,5,40,'DEPT',10,21,18),(214,TRUE,5,55,'DEPT',5,22,18),
(215,TRUE,6,5,'DEPT',5,17,18),(216,TRUE,6,15,'DEPT',5,23,18),(217,TRUE,6,25,'DEPT',10,18,18),(218,FALSE,6,40,'DEPT',10,24,18),(219,FALSE,6,55,'DEPT',5,18,18),
(220,FALSE,7,5,'DEPT',5,23,18),(221,FALSE,7,15,'DEPT',5,17,18),(222,FALSE,7,25,'DEPT',10,22,18),(223,FALSE,7,40,'DEPT',5,21,18),(224,FALSE,7,50,'DEPT',5,19,18),
(225,FALSE,8,0,'DEPT',5,20,18),(226,FALSE,8,10,'DEPT',10,36,18),(227,FALSE,8,25,'DEPT',5,35,18),(228,TRUE,8,35,'DEPT',5,34,18),(229,TRUE,8,45,'DEPT',10,35,18),
(230,TRUE,9,0,'DEPT',5,36,18),(231,TRUE,9,10,'DEPT',5,20,18),(232,TRUE,9,20,'DEPT',5,19,18),(233,TRUE,5,45,'DEPT',5,22,19),(234,TRUE,5,55,'DEPT',5,17,19),
(235,TRUE,6,5,'DEPT',5,23,19),(236,TRUE,6,15,'DEPT',10,18,19),(237,FALSE,6,30,'DEPT',10,24,19),(238,FALSE,6,45,'DEPT',5,18,19),(239,FALSE,6,55,'DEPT',5,23,19),
(240,FALSE,7,5,'DEPT',5,17,19),(241,FALSE,7,15,'DEPT',10,22,19),(242,FALSE,7,30,'DEPT',5,21,19),(243,FALSE,7,40,'DEPT',5,19,19),(244,FALSE,7,50,'DEPT',5,20,19),
(245,FALSE,8,0,'DEPT',10,36,19),(246,FALSE,8,15,'DEPT',5,35,19),(247,TRUE,8,25,'DEPT',5,34,19),(248,TRUE,8,35,'DEPT',10,35,19),(249,TRUE,8,50,'DEPT',5,36,19),
(250,TRUE,9,0,'DEPT',5,20,19),(251,TRUE,9,10,'DEPT',5,19,19),(252,TRUE,9,20,'DEPT',10,21,19),(253,TRUE,5,45,'DEPT',5,17,20),(254,TRUE,5,55,'DEPT',5,23,20),
(255,TRUE,6,5,'DEPT',10,18,20),(256,FALSE,6,20,'DEPT',10,24,20),(257,FALSE,6,35,'DEPT',5,18,20),(258,FALSE,6,45,'DEPT',5,23,20),(259,FALSE,6,55,'DEPT',5,17,20),
(260,FALSE,7,5,'DEPT',10,22,20),(261,FALSE,7,20,'DEPT',5,21,20),(262,FALSE,7,30,'DEPT',5,19,20),(263,FALSE,7,40,'DEPT',5,20,20),(264,FALSE,7,50,'DEPT',10,36,20),
(265,FALSE,8,5,'DEPT',5,35,20),(266,TRUE,8,15,'DEPT',5,34,20),(267,TRUE,8,25,'DEPT',10,35,20),(268,TRUE,8,40,'DEPT',5,36,20),(269,TRUE,8,50,'DEPT',5,20,20),
(270,TRUE,9,0,'DEPT',5,19,20),(271,TRUE,9,10,'DEPT',10,21,20),(272,TRUE,9,25,'DEPT',5,22,20),(273,TRUE,5,45,'DEPT',5,23,21),(274,TRUE,5,55,'DEPT',10,18,21),
(275,FALSE,6,10,'DEPT',10,24,21),(276,FALSE,6,25,'DEPT',5,18,21),(277,FALSE,6,35,'DEPT',5,23,21),(278,FALSE,6,45,'DEPT',5,17,21),(279,FALSE,6,55,'DEPT',10,22,21),
(280,FALSE,7,10,'DEPT',5,21,21),(281,FALSE,7,20,'DEPT',5,19,21),(282,FALSE,7,30,'DEPT',5,20,21),(283,FALSE,7,40,'DEPT',10,36,21),(284,FALSE,7,55,'DEPT',5,35,21),
(285,TRUE,8,5,'DEPT',5,34,21),(286,TRUE,8,10,'DEPT',5,20,21),(287,TRUE,8,20,'DEPT',5,19,21),(288,TRUE,8,30,'DEPT',10,21,21),(289,TRUE,8,45,'DEPT',5,22,21),
(290,TRUE,8,55,'DEPT',5,17,21),(291,TRUE,5,40,'DEPT',10,18,22),(292,FALSE,5,55,'DEPT',10,24,22),(293,FALSE,6,10,'DEPT',5,18,22),(294,FALSE,6,20,'DEPT',5,23,22),
(295,FALSE,6,30,'DEPT',5,17,22),(296,FALSE,6,40,'DEPT',10,22,22),(297,FALSE,6,55,'DEPT',5,21,22),(298,FALSE,7,5,'DEPT',5,19,22),(299,FALSE,7,15,'DEPT',5,20,22),
(300,FALSE,7,25,'DEPT',10,36,22),(301,FALSE,7,40,'DEPT',5,35,22),(302,TRUE,7,50,'DEPT',5,34,22),(303,TRUE,8,0,'DEPT',10,35,22),(304,TRUE,8,15,'DEPT',5,36,22),
(305,TRUE,8,25,'DEPT',5,20,22),(306,TRUE,8,35,'DEPT',5,19,22),(307,TRUE,8,45,'DEPT',10,21,22),(308,TRUE,9,0,'DEPT',5,22,22),(309,TRUE,9,10,'DEPT',5,17,22),
(310,TRUE,9,20,'DEPT',5,23,22),(311,FALSE,5,45,'DEPT',10,24,23),(312,FALSE,6,0,'DEPT',5,18,23),(313,FALSE,6,10,'DEPT',5,23,23),(314,FALSE,6,20,'DEPT',5,17,23),
(315,FALSE,6,30,'DEPT',10,22,23),(316,FALSE,6,45,'DEPT',5,21,23),(317,FALSE,6,55,'DEPT',5,19,23),(318,FALSE,7,5,'DEPT',5,20,23),(319,FALSE,7,15,'DEPT',10,36,23),
(320,FALSE,7,30,'DEPT',5,35,23),(321,TRUE,7,40,'DEPT',5,34,23),(322,TRUE,7,50,'DEPT',10,35,23),(323,TRUE,8,5,'DEPT',5,36,23),(324,TRUE,8,15,'DEPT',5,20,23),
(325,TRUE,8,25,'DEPT',5,19,23),(326,TRUE,8,35,'DEPT',10,21,23),(327,TRUE,8,50,'DEPT',5,22,23),(328,TRUE,9,0,'DEPT',5,17,23),(329,TRUE,9,10,'DEPT',5,23,23),
(330,TRUE,9,20,'DEPT',10,18,23),(331,FALSE,5,45,'DEPT',5,18,24),(332,FALSE,5,55,'DEPT',5,23,24),(333,FALSE,6,5,'DEPT',5,17,24),(334,FALSE,6,30,'DEPT',5,22,24),
(335,FALSE,6,15,'DEPT',10,21,24),(336,FALSE,6,40,'DEPT',5,19,24),(337,FALSE,6,50,'DEPT',5,20,24),(338,FALSE,7,0,'DEPT',10,36,24),(339,FALSE,7,15,'DEPT',5,35,24),
(340,TRUE,7,25,'DEPT',5,34,24),(341,TRUE,7,35,'DEPT',10,35,24),(342,TRUE,7,50,'DEPT',5,36,24),(343,TRUE,8,0,'DEPT',5,20,24),(344,TRUE,8,10,'DEPT',5,19,24),
(345,TRUE,8,20,'DEPT',10,21,24),(346,TRUE,8,35,'DEPT',5,22,24),(347,TRUE,8,45,'DEPT',5,17,24),(348,TRUE,8,55,'DEPT',5,23,24),(349,TRUE,9,5,'DEPT',10,18,24),
(350,FALSE,9,20,'DEPT',10,24,24),(351,TRUE,5,30,'DEPT',10,19,25),(352,TRUE,5,30,'DEPT',10,26,26),(353,TRUE,5,30,'DEPT',5,27,27),(354,FALSE,5,30,'DEPT',5,4,28),
(355,TRUE,5,45,'DEPT',10,26,25),(356,TRUE,6,0,'DEPT',5,27,25),(357,FALSE,6,10,'DEPT',5,4,25),(358,FALSE,6,20,'DEPT',10,27,25),(359,FALSE,6,35,'DEPT',10,26,25),
(360,TRUE,6,50,'DEPT',10,19,25),(361,TRUE,5,45,'DEPT',5,27,26),(362,FALSE,5,55,'DEPT',5,4,26),(363,FALSE,6,5,'DEPT',10,27,26),(364,FALSE,6,20,'DEPT',10,26,26),
(365,TRUE,6,35,'DEPT',10,19,26),(366,TRUE,6,50,'DEPT',10,26,26),(367,FALSE,5,40,'DEPT',5,4,27),(368,FALSE,5,55,'DEPT',10,27,27),(369,FALSE,6,10,'DEPT',10,26,27),
(370,TRUE,6,25,'DEPT',10,19,27),(371,TRUE,6,40,'DEPT',10,26,27),(372,TRUE,6,55,'DEPT',5,27,27),(373,FALSE,5,40,'DEPT',10,27,28),(374,FALSE,5,55,'DEPT',10,26,28),
(375,TRUE,6,10,'DEPT',10,19,28),(376,TRUE,6,25,'DEPT',10,26,28),(377,TRUE,6,40,'DEPT',10,27,28),(378,FALSE,6,55,'DEPT',5,4,28),(379,FALSE,7,5,'DEPT',10,27,28),
(380,FALSE,7,20,'DEPT',10,26,28),(381,TRUE,7,35,'DEPT',10,19,28),(382,TRUE,7,50,'DEPT',10,26,28),(383,TRUE,8,5,'DEPT',10,27,28),(384,FALSE,8,20,'DEPT',5,4,28),
(385,FALSE,8,30,'DEPT',10,27,28),(386,FALSE,8,45,'DEPT',10,26,28),(387,TRUE,9,0,'DEPT',10,19,28),(388,TRUE,9,15,'DEPT',10,26,28),(389,TRUE,9,30,'DEPT',10,27,28),
(390,TRUE,6,50,'DEPT',10,27,25),(391,FALSE,7,5,'DEPT',5,4,25),(392,FALSE,7,15,'DEPT',10,27,25),(393,FALSE,7,30,'DEPT',10,26,25),(394,TRUE,7,45,'DEPT',10,19,25),
(395,TRUE,8,0,'DEPT',10,26,25),(396,TRUE,8,15,'DEPT',10,27,25),(397,FALSE,8,30,'DEPT',10,4,25),(398,FALSE,8,45,'DEPT',10,27,25),(399,FALSE,9,0,'DEPT',10,26,25),
(400,TRUE,9,15,'DEPT',10,19,25),(401,TRUE,9,30,'DEPT',10,26,25),(402,TRUE,7,5,'DEPT',10,27,26),(403,FALSE,7,20,'DEPT',10,4,26),(404,FALSE,7,35,'DEPT',10,27,26),
(405,FALSE,7,50,'DEPT',10,26,26),(406,TRUE,8,5,'DEPT',10,19,26),(407,TRUE,8,20,'DEPT',10,26,26),(408,TRUE,8,35,'DEPT',10,27,26),(409,FALSE,8,50,'DEPT',10,4,26),
(410,FALSE,9,5,'DEPT',10,27,26),(411,FALSE,9,20,'DEPT',10,26,26),(412,FALSE,7,5,'DEPT',10,4,27),(413,FALSE,7,20,'DEPT',10,27,27),(414,FALSE,7,35,'DEPT',10,26,27),
(415,TRUE,7,50,'DEPT',10,19,27),(416,TRUE,8,5,'DEPT',10,26,27),(417,TRUE,8,20,'DEPT',10,27,27),(418,FALSE,8,35,'DEPT',10,4,27),(419,TRUE,8,50,'DEPT',10,27,27),
(421,FALSE,9,5,'DEPT',10,26,27),(422,TRUE,9,20,'DEPT',10,19,27),(423,TRUE,5,30,'DEPT',10,2,29),(424,TRUE,5,30,'DEPT',10,3,30),(425,TRUE,5,30,'DEPT',10,4,31),
(426,TRUE,5,30,'DEPT',10,28,32),(427,TRUE,5,30,'DEPT',10,29,33),(428,TRUE,5,30,'DEPT',10,8,34),(429,TRUE,5,30,'DEPT',10,30,35),(430,TRUE,5,30,'DEPT',10,31,36),
(431,TRUE,5,30,'DEPT',10,20,37),(432,TRUE,5,30,'DEPT',10,32,38),(433,TRUE,5,30,'DEPT',10,33,39),(434,TRUE,5,45,'DEPT',10,29,32),(435,TRUE,6,0,'DEPT',10,8,32),
(436,TRUE,6,15,'DEPT',10,30,32),(437,TRUE,6,30,'DEPT',10,31,32),(438,TRUE,6,45,'DEPT',10,20,32),(439,TRUE,7,0,'DEPT',10,32,32),(440,FALSE,7,15,'DEPT',10,33,32),
(441,FALSE,7,30,'DEPT',10,32,32),(442,FALSE,7,45,'DEPT',10,20,32),(443,FALSE,8,0,'DEPT',10,31,32),(444,FALSE,8,15,'DEPT',10,30,32),(445,FALSE,8,30,'DEPT',10,8,32),
(446,FALSE,8,45,'DEPT',10,29,32),(447,TRUE,9,0,'DEPT',10,28,32),(448,TRUE,5,45,'DEPT',10,8,33),(449,TRUE,6,0,'DEPT',10,30,33),(450,TRUE,6,15,'DEPT',10,31,33),
(451,TRUE,6,30,'DEPT',10,20,33),(452,TRUE,6,45,'DEPT',10,32,33),(453,FALSE,7,0,'DEPT',10,33,33),(454,FALSE,7,15,'DEPT',10,32,33),(455,FALSE,7,30,'DEPT',10,20,33),
(456,FALSE,7,45,'DEPT',10,31,33),(457,FALSE,8,0,'DEPT',10,30,33),(458,FALSE,8,15,'DEPT',10,8,33),(459,FALSE,8,30,'DEPT',10,29,33),(460,TRUE,8,45,'DEPT',10,28,33),
(461,TRUE,9,0,'DEPT',10,29,33),(462,TRUE,5,45,'DEPT',10,30,34),(463,TRUE,6,0,'DEPT',10,31,34),(464,TRUE,6,15,'DEPT',10,20,34),(465,TRUE,6,30,'DEPT',10,32,34),
(466,FALSE,6,45,'DEPT',10,33,34),(467,FALSE,7,0,'DEPT',10,32,34),(468,FALSE,7,15,'DEPT',10,20,34),(469,FALSE,7,30,'DEPT',10,31,34),
(470,FALSE,7,45,'DEPT',10,30,34),(471,FALSE,8,0,'DEPT',10,8,34),(472,FALSE,8,15,'DEPT',10,29,34),(473,TRUE,8,30,'DEPT',10,28,34),(474,TRUE,8,45,'DEPT',10,29,34),
(475,TRUE,9,0,'DEPT',10,8,34),
(476,TRUE,5,45,'DEPT',10,31,35),(477,TRUE,6,0,'DEPT',10,20,35),(478,TRUE,6,15,'DEPT',10,32,35),(479,FALSE,6,30,'DEPT',10,33,35),(480,FALSE,6,45,'DEPT',10,32,35),
(481,FALSE,7,0,'DEPT',10,20,35),(482,FALSE,7,15,'DEPT',10,31,35),(483,FALSE,7,30,'DEPT',10,30,35),(484,FALSE,7,45,'DEPT',10,8,35),(485,FALSE,8,0,'DEPT',10,29,35),
(486,TRUE,8,15,'DEPT',10,28,35),(487,TRUE,8,30,'DEPT',10,29,35),(488,TRUE,8,45,'DEPT',10,8,35),(489,TRUE,9,0,'DEPT',10,30,35),(490,TRUE,5,45,'DEPT',10,20,36),
(491,TRUE,6,0,'DEPT',10,32,36),(492,FALSE,6,15,'DEPT',10,33,36),(493,FALSE,6,30,'DEPT',10,32,36),(494,FALSE,6,45,'DEPT',10,20,36),(495,FALSE,7,0,'DEPT',10,31,36),
(496,FALSE,7,15,'DEPT',10,30,36),(497,FALSE,7,30,'DEPT',10,8,36),(498,FALSE,7,45,'DEPT',10,29,36),(499,TRUE,7,45,'DEPT',10,28,36),(500,TRUE,8,0,'DEPT',10,29,36),
(501,TRUE,8,15,'DEPT',10,8,36),(502,TRUE,8,30,'DEPT',10,30,36),(503,TRUE,8,45,'DEPT',10,31,36),(504,TRUE,9,0,'DEPT',10,20,36),(505,TRUE,5,45,'DEPT',10,32,37),
(506,FALSE,6,0,'DEPT',10,33,37),(507,FALSE,6,15,'DEPT',10,32,37),(508,FALSE,6,30,'DEPT',10,20,37),(509,FALSE,6,45,'DEPT',10,31,37),
(510,FALSE,7,0,'DEPT',10,30,37),
(511,FALSE,7,15,'DEPT',10,8,37),(512,FALSE,7,30,'DEPT',10,29,37),(513,TRUE,7,45,'DEPT',10,28,37),(514,TRUE,8,0,'DEPT',10,29,37),(515,TRUE,8,15,'DEPT',10,8,37),
(516,TRUE,8,30,'DEPT',10,30,37),(517,TRUE,8,45,'DEPT',10,31,37),(518,TRUE,9,0,'DEPT',10,20,37),(519,FALSE,5,45,'DEPT',10,33,38),(520,FALSE,6,0,'DEPT',10,32,38),
(521,FALSE,6,15,'DEPT',10,20,38),(522,FALSE,6,30,'DEPT',10,31,38),(523,FALSE,6,45,'DEPT',10,30,38),(524,FALSE,7,0,'DEPT',10,8,38),(525,FALSE,7,15,'DEPT',10,29,38),
(526,TRUE,7,30,'DEPT',10,28,38),(527,TRUE,7,45,'DEPT',10,29,38),(528,TRUE,7,45,'DEPT',10,8,38),(529,TRUE,8,0,'DEPT',10,30,38),(530,TRUE,8,15,'DEPT',10,31,38),
(531,TRUE,8,30,'DEPT',10,20,38),(532,TRUE,8,45,'DEPT',10,32,38),(533,FALSE,9,0,'DEPT',10,33,38),(534,FALSE,5,45,'DEPT',10,32,39),(535,FALSE,6,0,'DEPT',10,20,39),
(536,FALSE,6,15,'DEPT',10,31,39),(537,FALSE,6,30,'DEPT',10,30,39),(538,FALSE,6,45,'DEPT',10,8,39),(539,FALSE,7,0,'DEPT',10,29,39),(540,TRUE,7,15,'DEPT',10,28,39),
(541,TRUE,7,30,'DEPT',10,29,39),(542,TRUE,7,45,'DEPT',10,8,39),(543,TRUE,8,0,'DEPT',10,30,39),(544,TRUE,8,15,'DEPT',10,31,39),(545,TRUE,8,30,'DEPT',10,20,39),
(546,TRUE,8,45,'DEPT',10,32,39),(547,TRUE,9,0,'DEPT',10,33,39),(548,FALSE,9,15,'DEPT',10,32,39),(549,FALSE,9,30,'DEPT',10,20,39),(550,FALSE,9,45,'DEPT',10,31,39),
(551,FALSE,10,0,'DEPT',10,30,39),(552,FALSE,10,15,'DEPT',10,8,39),(553,FALSE,10,30,'DEPT',10,29,39),(554,TRUE,10,45,'DEPT',10,28,39),(555,TRUE,11,0,'DEPT',10,29,39),
(556,TRUE,11,15,'DEPT',10,8,39),(557,TRUE,11,30,'DEPT',10,30,39),(558,TRUE,11,45,'DEPT',10,31,39),(559,TRUE,12,0,'DEPT',10,20,39),(560,FALSE,9,15,'DEPT',10,32,38),
(561,FALSE,9,30,'DEPT',10,20,38),(562,FALSE,9,45,'DEPT',10,31,38),(563,FALSE,10,0,'DEPT',10,30,38),(564,FALSE,10,15,'DEPT',10,8,38),(565,FALSE,10,30,'DEPT',10,29,38),
(566,TRUE,10,45,'DEPT',10,28,38),(567,TRUE,11,0,'DEPT',10,29,38),(568,TRUE,11,15,'DEPT',10,8,38),(569,TRUE,11,30,'DEPT',10,30,38),(570,TRUE,11,45,'DEPT',10,31,38),
(571,TRUE,12,0,'DEPT',10,20,38),(572,TRUE,9,15,'DEPT',10,32,37),(573,FALSE,9,30,'DEPT',10,33,37),(574,FALSE,9,45,'DEPT',10,32,37),(575,FALSE,10,0,'DEPT',10,20,37),
(576,FALSE,10,15,'DEPT',10,31,37),(577,FALSE,10,30,'DEPT',10,30,37),(578,FALSE,10,45,'DEPT',10,8,37),(579,FALSE,11,0,'DEPT',10,29,37),(580,TRUE,11,15,'DEPT',10,28,37),
(581,TRUE,11,30,'DEPT',10,29,37),(582,TRUE,11,45,'DEPT',10,8,37),(583,TRUE,12,0,'DEPT',10,30,37),(584,TRUE,9,15,'DEPT',10,32,36),(585,FALSE,9,30,'DEPT',10,33,36),
(586,FALSE,9,45,'DEPT',10,32,36),(587,FALSE,10,0,'DEPT',10,20,36),(588,FALSE,10,15,'DEPT',10,31,36),(589,FALSE,10,30,'DEPT',10,30,36),
(590,FALSE,10,45,'DEPT',10,8,36),(591,FALSE,11,0,'DEPT',10,29,36),(592,TRUE,11,15,'DEPT',10,28,36),(593,TRUE,11,30,'DEPT',10,29,36),(594,TRUE,11,45,'DEPT',10,8,36),
(595,TRUE,12,0,'DEPT',10,30,36),(596,TRUE,9,15,'DEPT',10,31,35),(597,TRUE,9,30,'DEPT',10,20,35),(598,TRUE,9,45,'DEPT',10,32,35),(599,FALSE,10,0,'DEPT',10,33,35),
(600,FALSE,10,15,'DEPT',10,32,35),(601,FALSE,10,30,'DEPT',10,20,35),(602,FALSE,10,45,'DEPT',10,31,35),(603,FALSE,11,0,'DEPT',10,30,35),
(604,FALSE,11,15,'DEPT',10,8,35),(605,FALSE,11,30,'DEPT',10,29,35),(606,TRUE,11,45,'DEPT',10,28,35),(607,TRUE,12,0,'DEPT',10,29,35),(608,FALSE,9,15,'DEPT',10,29,34),
(609,TRUE,9,30,'DEPT',10,28,34),(610,TRUE,9,45,'DEPT',10,29,34),(611,TRUE,10,0,'DEPT',10,8,34),(612,TRUE,10,15,'DEPT',10,30,34),(613,TRUE,10,30,'DEPT',10,31,34),
(614,TRUE,10,45,'DEPT',10,20,34),(615,TRUE,11,0,'DEPT',10,32,34),(616,FALSE,11,15,'DEPT',10,33,34),(617,FALSE,11,30,'DEPT',10,32,34),
(618,FALSE,11,45,'DEPT',10,20,34),(619,FALSE,12,0,'DEPT',10,31,34),(620,TRUE,9,15,'DEPT',10,8,33),(621,TRUE,9,30,'DEPT',10,30,33),(622,TRUE,9,45,'DEPT',10,31,33),
(623,TRUE,10,0,'DEPT',10,20,33),(624,TRUE,10,15,'DEPT',10,32,33),(625,FALSE,10,30,'DEPT',10,33,33),(626,FALSE,10,45,'DEPT',10,32,33),
(627,FALSE,11,0,'DEPT',10,20,33),(628,FALSE,11,15,'DEPT',10,31,33),(629,FALSE,11,30,'DEPT',10,30,33),(630,FALSE,11,45,'DEPT',10,8,33),
(631,FALSE,12,0,'DEPT',10,29,33),(633,TRUE,9,15,'DEPT',10,29,32),(634,TRUE,9,30,'DEPT',10,8,32),(635,TRUE,9,45,'DEPT',10,30,32),(636,TRUE,10,0,'DEPT',10,31,32),
(637,TRUE,10,15,'DEPT',10,20,32),(638,TRUE,10,30,'DEPT',10,32,32),(639,FALSE,10,45,'DEPT',10,33,32),(640,FALSE,11,0,'DEPT',10,32,32),
(641,FALSE,11,15,'DEPT',10,20,32),(642,FALSE,11,30,'DEPT',10,31,32),(643,FALSE,11,45,'DEPT',10,30,32),(644,FALSE,12,0,'DEPT',10,8,32),
(645,FALSE,12,15,'DEPT',10,29,32),(646,TRUE,7,15,'DEPT',10,15,8),(647,TRUE,7,30,'DEPT',10,16,8),(648,FALSE,7,45,'DEPT',10,18,8),
(649,FALSE,8,0,'DEPT',10,16,8),(650,FALSE,8,15,'DEPT',10,15,8),(651,TRUE,8,30,'DEPT',10,13,8),(652,TRUE,8,45,'DEPT',10,15,8),(653,TRUE,9,0,'DEPT',10,16,8),
(654,FALSE,9,15,'DEPT',10,18,8),(655,FALSE,9,30,'DEPT',10,16,8),(656,FALSE,9,45,'DEPT',10,15,8),(657,TRUE,10,0,'DEPT',10,13,8),(658,TRUE,10,15,'DEPT',10,15,8),
(659,TRUE,10,30,'DEPT',10,16,8),(660,FALSE,10,45,'DEPT',10,18,8),(661,FALSE,11,0,'DEPT',10,16,8),(662,FALSE,11,15,'DEPT',10,15,8),(663,TRUE,11,30,'DEPT',10,13,8),
(664,TRUE,11,45,'DEPT',10,15,8),(665,TRUE,12,0,'DEPT',10,16,8),(666,TRUE,6,15,'DEPT',10,16,9),(667,FALSE,6,30,'DEPT',10,18,9),(668,FALSE,6,45,'DEPT',10,16,9),
(669,FALSE,7,0,'DEPT',10,15,9),(670,TRUE,7,15,'DEPT',10,13,9),(671,TRUE,7,30,'DEPT',10,15,9),(672,TRUE,7,45,'DEPT',10,16,9),(673,FALSE,8,0,'DEPT',10,18,9),
(674,FALSE,8,15,'DEPT',10,16,9),(675,FALSE,8,30,'DEPT',10,15,9),(676,TRUE,8,45,'DEPT',10,13,9),(677,TRUE,9,0,'DEPT',10,15,9),(678,TRUE,9,15,'DEPT',10,16,9),
(679,FALSE,9,30,'DEPT',10,18,9),(680,FALSE,9,45,'DEPT',10,16,9),(681,FALSE,11,0,'DEPT',10,15,9),(682,TRUE,11,15,'DEPT',10,13,9),(683,TRUE,11,30,'DEPT',10,15,9),
(684,TRUE,11,45,'DEPT',10,16,9),(685,FALSE,12,0,'DEPT',10,18,9),(686,FALSE,7,15,'DEPT',10,18,10),(687,FALSE,7,30,'DEPT',10,16,10),(688,FALSE,7,45,'DEPT',10,15,10),
(689,TRUE,8,0,'DEPT',10,13,10),(690,TRUE,8,15,'DEPT',10,15,10),(691,TRUE,8,30,'DEPT',10,16,10),(692,FALSE,8,45,'DEPT',10,18,10),
(693,FALSE,9,0,'DEPT',10,16,10),(694,FALSE,9,15,'DEPT',10,15,10),(695,TRUE,9,30,'DEPT',10,13,10),(696,TRUE,9,45,'DEPT',10,15,10),
(697,TRUE,10,0,'DEPT',10,16,10),(698,FALSE,10,15,'DEPT',10,18,10),(699,FALSE,10,30,'DEPT',10,16,10),(700,FALSE,10,45,'DEPT',10,15,10),
(701,TRUE,11,0,'DEPT',10,13,10),(702,TRUE,11,15,'DEPT',10,15,10),(703,TRUE,11,30,'DEPT',10,16,10),(704,FALSE,11,45,'DEPT',10,18,10),
(705,FALSE,12,0,'DEPT',10,16,10),(706,FALSE,7,15,'DEPT',10,16,11),(707,FALSE,7,30,'DEPT',10,15,11),(708,TRUE,7,45,'DEPT',10,13,11),
(709,TRUE,8,0,'DEPT',10,15,11),(710,TRUE,8,15,'DEPT',10,16,11),(711,FALSE,8,30,'DEPT',10,18,11),(712,FALSE,8,45,'DEPT',10,16,11),
(713,FALSE,9,0,'DEPT',10,15,11),(714,TRUE,9,15,'DEPT',10,13,11),(715,TRUE,9,30,'DEPT',10,15,11),(716,TRUE,9,45,'DEPT',10,16,11),
(717,FALSE,10,0,'DEPT',10,18,11),(718,FALSE,10,15,'DEPT',10,16,11),(719,FALSE,10,30,'DEPT',10,15,11),(720,TRUE,10,45,'DEPT',10,13,11),
(721,TRUE,11,0,'DEPT',10,15,11),(722,TRUE,11,15,'DEPT',10,16,11),(723,FALSE,11,30,'DEPT',10,18,11),(724,FALSE,11,45,'DEPT',10,16,11),
(725,FALSE,12,0,'DEPT',10,15,11);

ALTER TABLE PUBLIC.ROUTE_POINT_PATH ADD CONSTRAINT PUBLIC.FKLH0JCEY034V9JW92V9QCYEL1H FOREIGN KEY(ROUTE_POINT_ID) REFERENCES PUBLIC.ROUTE_POINT(ID) NOCHECK;
ALTER TABLE PUBLIC.ROUTE_POINT_ROUTES ADD CONSTRAINT PUBLIC.FK2XO786J6HAELM0BYI5R5U1NVO FOREIGN KEY(ROUTE_POINTS_ID) REFERENCES PUBLIC.ROUTE_POINT(ID) NOCHECK;
ALTER TABLE PUBLIC.STATION ADD CONSTRAINT PUBLIC.FKK0EOMYEFF2SMQOT35RWT32R2L FOREIGN KEY(ROUTE_POINT_ID) REFERENCES PUBLIC.ROUTE_POINT(ID) NOCHECK;
ALTER TABLE PUBLIC.ROUTE_POINT_ROUTES ADD CONSTRAINT PUBLIC.FK6DN2FG7UX34VR2FATCAEPVTEV FOREIGN KEY(ROUTES_ID) REFERENCES PUBLIC.ROUTE(ID) NOCHECK;
ALTER TABLE PUBLIC.ROUTE_POINT ADD CONSTRAINT PUBLIC.FKCODAH2WB3S2DMM81WKRX06FH1 FOREIGN KEY(STATION_ID) REFERENCES PUBLIC.STATION(ID) NOCHECK;
ALTER TABLE PUBLIC.ROUTE_POINT_PATH ADD CONSTRAINT PUBLIC.FKSUM3N3UVDK7WNXXNSAJN0EMCE FOREIGN KEY(ROUTE_ID) REFERENCES PUBLIC.ROUTE(ID) NOCHECK;
ALTER TABLE PUBLIC.TRAIN ADD CONSTRAINT PUBLIC.FKSUM3N3BNWM7WNXXNSAJN0WRDS FOREIGN KEY(ROUTE_ID) REFERENCES PUBLIC.ROUTE(ID) NOCHECK;
ALTER TABLE PUBLIC.TRAIN_TIME ADD CONSTRAINT PUBLIC.FKSUM3N3BNWM7WNXXNSAJN5TOIE FOREIGN KEY(STATION_ID) REFERENCES PUBLIC.STATION(ID) NOCHECK;
ALTER TABLE PUBLIC.TRAIN_TIME ADD CONSTRAINT PUBLIC.FKSUM3N3BNWM7WNXXNSAJN3RTJD FOREIGN KEY(TRAIN_TRAIN_ID) REFERENCES PUBLIC.TRAIN(TRAIN_ID) NOCHECK;

